"Algorithm","Hash","Path"
"SHA256","6329B672DCA32863BE59BF550574257D1201D3257133027F2D30C1DF055A86D4","C:\LAB3\Evidence\autoruns_after.csv"
"SHA256","1B8ABE4DA869EA369C4AA59A1D324A01826714FD4B30F6EBAE03534AB1C45A06","C:\LAB3\Evidence\autoruns_before.csv"
"SHA256","C633E12250A7659CFE8AEBFC0B3AB0900D5A05671A37B5152F5F9C5E2DAEF694","C:\LAB3\Evidence\autoruns_diff.txt"
"SHA256","C2EDC80AAF262CDA1247CEE29EF5D60B9FB81B769DBFDAFF171BEB4C35F9F16C","C:\LAB3\Evidence\baseline_defender.txt"
"SHA256","63422460F398A5848552423D9D47BE7DCFA852A2F1765D5FE2F5716726FB9A40","C:\LAB3\Evidence\baseline_firewall.txt"
"SHA256","B3D0720B056DAF30AFD0E307A3E1923207BC3B064927CF357B281EFF7B5611E6","C:\LAB3\Evidence\baseline_network.txt"
"SHA256","EBF68DB1D9EC25B152DB4055CB8C9EFB545F35AEBE74D974D0D28B254CA7F4C3","C:\LAB3\Evidence\baseline_os.txt"
"SHA256","19FAACA982769E86E5A217EB5756B86F8EC62EF3E84AE283AAA284463BC55917","C:\LAB3\Evidence\baseline_processes.txt"
"SHA256","24E5D8450835390AF3D1D2515D13F7773CFCA6469FD627145D6BD6AD12CE84AC","C:\LAB3\Evidence\ddos_sources.txt"
"SHA256","E7F8FBDA1AF4D9E2D6DED5CBAA8A98041FB6AF62DB896C7F4ACD5656A56B76A2","C:\LAB3\Evidence\defender_eicar.txt"
"SHA256","E7FD8D985E5F9B042B92A2DA6E06077815242EE5293D38BD074AD5476AB0D24E","C:\LAB3\Evidence\mail_sender_counts.txt"
"SHA256","2AB9646BC50CE4D3326BA3B3A2F28583D23FA2E3E7B26A54081E06D8A3A5AD96","C:\LAB3\Evidence\mail_volume.txt"
"SHA256","3FEF6FBFACA1813DC518F79DB6534A7FCEF82043FC3414ED9ED3A246F667B4D9","C:\LAB3\Evidence\start_time.txt"
"SHA256","365EF3277CEBC3E7D18655CEAA7DB34800EB56A5BAD928E89E866CD6B1522648","C:\LAB3\Evidence\task_ran.txt"
